{
  "project_info": {
    "project_number": "504586152197",
    "project_id": "finalwordle",
    "storage_bucket": "finalwordle.appspot.com"
  },
  "client": [
    {
      "client_info": {
        "mobilesdk_app_id": "1:504586152197:android:5afe37f56a029b0d826f6c",
        "android_client_info": {
          "package_name": "com.example.finalproject"
        }
      },
      "oauth_client": [],
      "api_key": [
        {
          "current_key": "AIzaSyAkI_azMjm_EOVHwoffvzQY47A5azA40XY"
        }
      ],
      "services": {
        "appinvite_service": {
          "other_platform_oauth_client": []
        }
      }
    }
  ],
  "configuration_version": "1"
}